IP,Nom de réservation,MAC,Descritpion
192.168.1.147,Inconnu,A8:A1:59:FE:3B:CC,
192.168.1.83,PCMachine,F8:DC:7A:7F:8C:96,
192.168.1.212,DVR,3C:EF:8C:08:2A:13,
192.168.1.250,TPLink,98:DA:C4:3C:74:7D,
192.168.1.251,HPSwitch,54:80:28:A3:A8:40,
192.168.1.176,Bernard,C0:06:C3:1A:98:5A,
192.168.1.200,Synology-NAS,00:11:32:74:49:15,
192.168.1.122,Office-Serveur,b8:ae:ed:a3:78:68,
192.168.1.126,BENOIT,9c:6b:00:10:f2:ad,
192.168.1.51,FLORIAN,d4:5d:64:d1:57:c0,
192.168.1.52,FRANCOIS-LOUIS,b4:2e:99:e8:d2:5a,
192.168.1.53,VALENTINE,d4:5d:64:57:8f:45,
192.168.1.57,imane,1c:69:7a:b7:ac:ef,
192.168.1.54,GAEL,1c:69:7a:b7:ad:89,
192.168.1.50,NADEGE,30:9c:23:3e:d2:da,
192.168.1.155,SELIM,10:7B:44:92:15:CB,
192.168.1.254,LinkSys-LGS552P,94:10:3e:69:97:59,
192.168.1.125,PHILIPPE,30:24:a9:3e:1c:89,
192.168.1.177,LAURA,74:27:ea:04:b5:d0,
192.168.1.124,MAGASINIER,50:5a:65:bc:53:79,
192.168.1.210,Zabbix,30:9c:23:3e:d2:d1,
192.168.1.156,AUDREY,04:7c:16:c3:eb:69,
192.168.1.224,Wildix,9c:75:14:0b:dd:8a,
192.168.1.2,Ubiquiti-1,78:8a:20:66:1b:53,
192.168.1.3,Ubiquiti-2,78:8a:20:66:1a:72,
192.168.1.151,Dean,04:7c:16:bb:ae:95,
192.168.1.100,Jeremy,f4:4d:30:00:73:a5,
192.168.1.101,Diana,30:9c:23:3e:d2:cb,
192.168.1.102,Mireille,00:0E:C6:82:3B:F2,
192.168.1.145,ITDesktop,1c:69:7a:95:2c:58,
192.168.1.75,DMG-M1,00:1f:f8:8f:98:8b,
192.168.1.76,DMG-CMX,e0:dc:a0:65:c3:3a,
192.168.1.55,Emma,74:56:3c:9e:10:4b,
192.168.1.178,Laura-laptop,a8:41:f4:84:9b:98,
192.168.1.179,Sarah,74:56:3C:9E:0F:FA,
192.168.1.230,MyHomeServer1,00:03:50:a4:9e:1d,
192.168.1.222,Canon-C3525I,84:ba:3b:15:c3:09,
192.168.1.223,Ricoh-C2010,58:38:79:a1:1b:f3,
192.168.1.127,PC-PHILIPPE,74:56:3c:ac:0e:d8,
192.168.1.215,PhotonMonoM5S,56:F6:9F:0D:92:FC,
192.168.1.149,CrestronElectro,c4:42:68:43:fa:23,
,,,

